ワンダ モーニングショット 缶185g,	https://www.asahiinryo.co.jp/products/00_system/image.psp.html?CMD=onAsdProduct&PATH=/web-service/common/products/asahiinryo/2CHT6_DB2_020.jpg&.png
「『ワンダ』金の微糖」 缶185g,	https://www.asahiinryo.co.jp/products/00_system/image.psp.html?CMD=onAsdProduct&PATH=/web-service/common/products/asahiinryo/2CGF2_DB2_020.jpg&.png
「『ワンダ』モーニングショット」ブラック 　缶185g,	https://www.asahiinryo.co.jp/products/00_system/image.psp.html?CMD=onAsdProduct&PATH=/web-service/common/products/asahiinryo/2CHD5_DB2_020.jpg&.png
ワンダ 極 ブラック ボトル缶400g,	https://www.asahiinryo.co.jp/products/00_system/image.psp.html?CMD=onAsdProduct&PATH=/web-service/common/products/asahiinryo/2CHP0_DB2_020.jpg&.png
ワンダ 極 微糖 ボトル缶370g,	https://www.asahiinryo.co.jp/products/00_system/image.psp.html?CMD=onAsdProduct&PATH=/web-service/common/products/asahiinryo/2CHN8_DB2_020.jpg&.png
ワンダ 極 カフェオレ ボトル缶370g,	https://www.asahiinryo.co.jp/products/00_system/image.psp.html?CMD=onAsdProduct&PATH=/web-service/common/products/asahiinryo/2CHP8_DB2_020.jpg&.png
ワンダ 特製カフェオレ 缶185g,	https://www.asahiinryo.co.jp/products/00_system/image.psp.html?CMD=onAsdProduct&PATH=/web-service/common/products/asahiinryo/2CJP0_DB2_020.jpg&.png
「ワンダ」クリーミーラテ 缶280g,	https://www.asahiinryo.co.jp/products/00_system/image.psp.html?CMD=onAsdProduct&PATH=/web-service/common/products/asahiinryo/P1602120004-921_5.jpg&.png
「ワンダ」プレミアムゼロ 缶185g,	https://www.asahiinryo.co.jp/products/00_system/image.psp.html?CMD=onAsdProduct&PATH=/web-service/common/products/asahiinryo/2CGJ2_DB2_020.jpg&.png
ワンダ 味わいミルクコーヒー PET280ml(コールド専用),	https://www.asahiinryo.co.jp/products/00_system/image.psp.html?CMD=onAsdProduct&PATH=/web-service/common/products/asahiinryo/0.jpg&.png
ワンダ ごほうび抹茶ラテ PET280ml,	https://www.asahiinryo.co.jp/products/00_system/image.psp.html?CMD=onAsdProduct&PATH=/web-service/common/products/asahiinryo/2CJP2_DB2_020.jpg&.png
ワンダ ディープマウンテン 缶185g,	https://www.asahiinryo.co.jp/products/00_system/image.psp.html?CMD=onAsdProduct&PATH=/web-service/common/products/asahiinryo/2CJR4_DB2_020.jpg&.png
ドトール カフェ・オ・レ PET480ml(コールド専用),	https://www.asahiinryo.co.jp/products/00_system/image.psp.html?CMD=onAsdProduct&PATH=/web-service/common/products/asahiinryo/2CHZ4_DB2_020.jpg&.png
ドトール ブラック PET480ml(コールド専用),	https://www.asahiinryo.co.jp/products/00_system/image.psp.html?CMD=onAsdProduct&PATH=/web-service/common/products/asahiinryo/2CJA7_DB2_020.jpg&.png
