アサヒ 十六茶 PET630ml ※秋冬ブレンド,	https://www.asahiinryo.co.jp/products/00_system/image.psp.html?CMD=onAsdProduct&PATH=/web-service/common/products/asahiinryo/2CJQ0_DB2_020.jpg&.png
アサヒ 十六茶 ラベルレスボトル PET630ml ※秋冬ブレンド,	https://www.asahiinryo.co.jp/products/00_system/image.psp.html?CMD=onAsdProduct&PATH=/web-service/common/products/asahiinryo/2CJP9_DB2_020.jpg&.png
アサヒ ぎゅっと濃い十六茶 PET630ml,	https://www.asahiinryo.co.jp/products/00_system/image.psp.html?CMD=onAsdProduct&PATH=/web-service/common/products/asahiinryo/2CJR0_DB2_020.jpg&.png
アサヒ 十六茶糖と脂肪にはたらく630 PET630ml,	https://www.asahiinryo.co.jp/products/00_system/image.psp.html?CMD=onAsdProduct&PATH=/web-service/common/products/asahiinryo/2CJA2_DB2_020.jpg&.png
アサヒ 十六茶麦茶 PET600ml,	https://www.asahiinryo.co.jp/products/00_system/image.psp.html?CMD=onAsdProduct&PATH=/web-service/common/products/asahiinryo/2CHV1_DB2_020.jpg&.png
アサヒ 十六茶麦茶 ラベルレスボトルPET660ml,	https://www.asahiinryo.co.jp/products/00_system/image.psp.html?CMD=onAsdProduct&PATH=/web-service/common/products/asahiinryo/2CHV2_DB2_020.jpg&.png
アサヒ あったかさ続く十六茶 PET480ml,	https://www.asahiinryo.co.jp/products/00_system/image.psp.html?CMD=onAsdProduct&PATH=/web-service/common/products/asahiinryo/2CJS4_DB2_020.jpg&.png
アサヒ ルイボスティー ラベルレスボトル PET500ml,	https://www.asahiinryo.co.jp/products/00_system/image.psp.html?CMD=onAsdProduct&PATH=/web-service/common/products/asahiinryo/2CHN0_DB2_020.jpg&.png
和紅茶 無糖ストレート PET500ml,	https://www.asahiinryo.co.jp/products/00_system/image.psp.html?CMD=onAsdProduct&PATH=/web-service/common/products/asahiinryo/2CJW1_DB2_020.jpg&.png
和紅茶 無糖ストレート ファーストリーフ PET500ml,	https://www.asahiinryo.co.jp/products/00_system/image.psp.html?CMD=onAsdProduct&PATH=/web-service/common/products/asahiinryo/2CJS2_DB2_020.jpg&.png
アサヒ　黒豆黒茶　ＰＥＴ５００ｍｌ,	https://www.asahiinryo.co.jp/products/00_system/image.psp.html?CMD=onAsdProduct&PATH=/web-service/common/products/asahiinryo/2CJX2.jpg&.png
アサヒ 六条麦茶 ラベルレスボトルPET660ml,	https://www.asahiinryo.co.jp/products/00_system/image.psp.html?CMD=onAsdProduct&PATH=/web-service/common/products/asahiinryo/2CJE1_DB2_020.jpg&.png
なだ万監修 ほうじ茶 PET275ml,	https://www.asahiinryo.co.jp/products/00_system/image.psp.html?CMD=onAsdProduct&PATH=/web-service/common/products/asahiinryo/P1905240003-161_111.jpg&.png
なだ万監修 日本茶 PET275ml,	https://www.asahiinryo.co.jp/products/00_system/image.psp.html?CMD=onAsdProduct&PATH=/web-service/common/products/asahiinryo/P1903180003-162_11.jpg&.png
アサヒ　緑茶　ラベルレスボトル　ＰＥＴ２７５ｍｌ(24本入）,	https://www.asahiinryo.co.jp/products/00_system/image.psp.html?CMD=onAsdProduct&PATH=/web-service/common/products/asahiinryo/P2202230003-964merc1.jpg&.png
「アサヒ 食事の脂にこの1杯。」 PET2L,	https://www.asahiinryo.co.jp/products/00_system/image.psp.html?CMD=onAsdProduct&PATH=/web-service/common/products/asahiinryo/2CFQ2_DB2_020.jpg&.png
アサヒ 食事の脂にこの1本。 PET600ml,	https://www.asahiinryo.co.jp/products/00_system/image.psp.html?CMD=onAsdProduct&PATH=/web-service/common/products/asahiinryo/2CJB5_DB2_020.jpg&.png
「アサヒ 食事の脂にこの1杯。」緑茶ブレンド PET2L,	https://www.asahiinryo.co.jp/products/00_system/image.psp.html?CMD=onAsdProduct&PATH=/web-service/common/products/asahiinryo/2CFL1_DB2_020.jpg&.png
アサヒ 食事の脂にこの1本。緑茶ブレンド PET600ml,	https://www.asahiinryo.co.jp/products/00_system/image.psp.html?CMD=onAsdProduct&PATH=/web-service/common/products/asahiinryo/2CJB6_DB2_020.jpg&.png
アサヒ 匠屋 旨みの日本茶 PET2L,	https://www.asahiinryo.co.jp/products/00_system/image.psp.html?CMD=onAsdProduct&PATH=/web-service/common/products/asahiinryo/2C5Z6_DB2_5.jpg&.png
アサヒ 一級茶葉烏龍茶 リターナブルびん200ml,	https://www.asahiinryo.co.jp/products/00_system/image.psp.html?CMD=onAsdProduct&PATH=/web-service/common/products/asahiinryo/2C806_DB2_01.jpg&.png
アサヒ ロイヤルミルクティー PET280ml,	https://www.asahiinryo.co.jp/products/00_system/image.psp.html?CMD=onAsdProduct&PATH=/web-service/common/products/asahiinryo/202208232CJB3.jpg&.png
