千葉県産貴味メロン＆とろける杏仁豆腐,https://img.7api-01.dp1.sej.co.jp/item-image/113248/C38494A45F45EF5745DCAFD2B9AA1E3E.jpg
三浦市産すいかの　　　杏仁豆腐,https://img.7api-01.dp1.sej.co.jp/item-image/113247/E173ACC6AF159CE807AAADE599D65049.jpg
林檎の食感愉しむアップルパイ（ホイップクリーム入り）,https://img.7api-01.dp1.sej.co.jp/item-image/113036/C41AE991ADCC74DBA7B3CC40F398A2FC.jpg
やまぐち県酪きらら牛乳使用ミルクほいっぷにゃ,https://img.7api-01.dp1.sej.co.jp/item-image/113242/621A806A236FB8C0AD2D873BB6B05461.jpg
カスタードプリン,https://img.7api-01.dp1.sej.co.jp/item-image/113040/11BCB295E6783CB3F94423386EE8FEFD.jpg
カスタードプリン,https://img.7api-01.dp1.sej.co.jp/item-image/112959/C44056B1560CA0983CD055B4A747356F.jpg
カスタードプリン,https://img.7api-01.dp1.sej.co.jp/item-image/112947/BFA10473F6C784CE4E7C743E4592F65D.jpg
とろける杏仁豆腐,https://img.7api-01.dp1.sej.co.jp/item-image/112862/832EA9C6CB7270ABB3F2BD52A0F809D0.jpg
イタリア栗のモンブラン,https://img.7api-01.dp1.sej.co.jp/item-image/112942/0E2E1E259B7C650752620E328CA4B236.jpg
チョコバナナクレープ,https://img.7api-01.dp1.sej.co.jp/item-image/112920/84BC99EE19840E8DBBFD5A3665F4D9C7.jpg
カスタード＆ホイップのダブルシュー,https://img.7api-01.dp1.sej.co.jp/item-image/111754/CFD3F21C9A64387CDC08B1C7734426F4.jpg
窯焼きシューとろ生カスタード,https://img.7api-01.dp1.sej.co.jp/item-image/110954/70F7A11FF0D3DD457614ED675C6031AD.jpg
窯焼きシュー　とろ生カスタード,https://img.7api-01.dp1.sej.co.jp/item-image/112958/168AA3F0BAEBB758DFE2F745478A8215.jpg
マンゴー＆ココナッツミルクゼリー,https://img.7api-01.dp1.sej.co.jp/item-image/110751/69A3C22BE448AF28E792C4D9B7B4B88A.jpg
とろけるなめらか　マンゴープリン,https://img.7api-01.dp1.sej.co.jp/item-image/111815/FB644DB9FF9A20A1A9CE43DB569E164F.jpg
北海道産牛乳使用　とろけるミルクプリン,https://img.7api-01.dp1.sej.co.jp/item-image/113171/BDD6E64DD06F87EA60CEA72E417F4EEF.jpg
とろけるコーヒーゼリー,https://img.7api-01.dp1.sej.co.jp/item-image/112996/521E2307BF8F15EAB5DC751505122C55.jpg
こだわりの口どけとろなまプリン,https://img.7api-01.dp1.sej.co.jp/item-image/112987/59AB32F81EC89B4F464629BB7EAE8556.jpg
ホイップクリームのミルクプリン,https://img.7api-01.dp1.sej.co.jp/item-image/112961/17BABA354D086E6DBC4A60468AEBB358.jpg
塚田牛乳を使ったミルクプリン,https://img.7api-01.dp1.sej.co.jp/item-image/112930/FAA0F41C2F030D8398348D9B718A941D.jpg
カカオ香るとろける生チョコ,https://img.7api-01.dp1.sej.co.jp/item-image/111453/437B7666FD5043882003B23B32AD4557.jpg
愛媛県産和栗のテリーヌ,https://img.7api-01.dp1.sej.co.jp/item-image/113235/74B43D332F6104561DC9877484DA0B28.jpg
くちどけの宇治抹茶テリーヌ,https://img.7api-01.dp1.sej.co.jp/item-image/113227/BDE99A34D7FF91BD473F0D7C15BC4FE3.jpg
ふんわりクリームシフォン,https://img.7api-01.dp1.sej.co.jp/item-image/113195/22B2752693AAC11BD6524526421F985A.jpg
チーズクリームクッキーサンド,https://img.7api-01.dp1.sej.co.jp/item-image/113191/12DFD5537724B8000B8ED368EB689ADE.jpg
千葉県産牛乳使用　　　モーモークレープ,https://img.7api-01.dp1.sej.co.jp/item-image/113184/9BE11C3245A391EF32784C5B2B845C8E.jpg
もっちりクレープ　とろ生スイートポテト,https://img.7api-01.dp1.sej.co.jp/item-image/113183/32B55924BE50F14952AE829EBBBDF2CF.jpg
生チョコ＆みるくクリームクロワッサン,https://img.7api-01.dp1.sej.co.jp/item-image/113179/3DA16D6FFAA0BD54CBB02B4EEF2CD0AD.jpg
白バラ牛乳使用　モーモークレープ,https://img.7api-01.dp1.sej.co.jp/item-image/113162/B19292D4ADB9354E0F9CA42A3A765C8F.jpg
湘南ゴールドクレープ,https://img.7api-01.dp1.sej.co.jp/item-image/113134/03FE71A951CC96385AD3CA8F7043C52C.jpg
ストロベリーベイクドチーズタルト,https://img.7api-01.dp1.sej.co.jp/item-image/113117/00B64CB9A09963ABC4901022A72F361F.jpg
もっちりクレープ黒みつきなこわらび餅入り,https://img.7api-01.dp1.sej.co.jp/item-image/111278/3DCA0117F864D9EF2A714D30C694F6EA.jpg
塚田牛乳使用モーモークレープ　ミルククリーム＆ホイップ,https://img.7api-01.dp1.sej.co.jp/item-image/113106/D758C261C0DE356ACFDFFE9B3E77551A.jpg
モーモークレープ　ミルククリーム＆ホイップ,https://img.7api-01.dp1.sej.co.jp/item-image/113104/B3EA65E387EC3D022D08949559EC3BB6.jpg
生チョコとチョコクリームのパイ,https://img.7api-01.dp1.sej.co.jp/item-image/111593/C2DE1A6FD96B9AD248B6ACA3041CD7CE.jpg
カップｄｅフレンチトースト　メープル仕立て,https://img.7api-01.dp1.sej.co.jp/item-image/113069/42F97339F51B0CB184984F1E36408FB4.jpg
ホイップ好きのための　ホイップクリーム,https://img.7api-01.dp1.sej.co.jp/item-image/111974/87D1D517030524E41A69B32362C4786A.jpg
イタリア栗のモンブランケーキ,https://img.7api-01.dp1.sej.co.jp/item-image/113026/3524AF4CAD8B6E48E0F7FC9CE74B84A5.jpg
ベイクドチーズケーキ,https://img.7api-01.dp1.sej.co.jp/item-image/113009/38E54A6E8FDA47F3C95304E0E01AF4FF.jpg
岩手葛巻町産牛乳のモーモークレープ,https://img.7api-01.dp1.sej.co.jp/item-image/112989/7F844F907D85FE9B5621920D78AA4BB4.jpg
ひとくちチーズケーキ,https://img.7api-01.dp1.sej.co.jp/item-image/112898/5EDF3B38455D9AE3EA8E3D29EE6BFBCF.jpg
とろなま食感チーズテリーヌ,https://img.7api-01.dp1.sej.co.jp/item-image/112804/DE9169C37A9E0D7FB6FD81E92681E2BC.jpg
もっちりクレープ　　　カスタード＆ホイップ,https://img.7api-01.dp1.sej.co.jp/item-image/111325/8E93BABD1E78AC71706D7C53C31BB65E.jpg
ふんわりクリームシフォン,https://img.7api-01.dp1.sej.co.jp/item-image/111362/2053CDB15D7C376E3FCD7E5EE4F4F93A.jpg
クリームを味わうショコラエクレア,https://img.7api-01.dp1.sej.co.jp/item-image/113164/2C47F67117D41713D6DAF31B60FB56A9.jpg
岩手葛巻町産牛乳のミルクもこ,https://img.7api-01.dp1.sej.co.jp/item-image/113070/2651688EA314F788F4FFD721B95BDC1B.jpg
プチシュー　とろ生カスタード　１２個入,https://img.7api-01.dp1.sej.co.jp/item-image/113017/41FAE337AB2C0418CE3710D0CB97A5ED.jpg
カスタードクリームのプチエクレア,https://img.7api-01.dp1.sej.co.jp/item-image/113016/8F05B6FB12B85A65E868F577E91117FB.jpg
プチシュー　とろ生カスタード　１２個入,https://img.7api-01.dp1.sej.co.jp/item-image/112992/AB31AF6E8F8ECB6030B52BE543662AEE.jpg
カスタードクリームのプチエクレア,https://img.7api-01.dp1.sej.co.jp/item-image/112991/C277FB6EF09EAD6F0AFC13CA0DC979EF.jpg
７プレミアム　スフレ　パンケーキ,https://img.7api-01.dp1.sej.co.jp/item-image/113152/7A5E0F6B53D9E15CC1942F2BD9623A15.jpg
７プレミアム　スフレ　パンケーキ,https://img.7api-01.dp1.sej.co.jp/item-image/113151/B80308A50E2120A9F94F40B234BE04E5.jpg
７プレミアム　ワッフル４個入,https://img.7api-01.dp1.sej.co.jp/item-image/113150/8364DCF20D852A00C18EEC04F1E20B10.jpg
白バラコーヒー使用　　クリームデニッシュ,https://img.7api-01.dp1.sej.co.jp/item-image/112004/9F4AE0EDF4DA34452820E475B473F42A.jpg
苺ホイップ＆苺くりーむぱん,https://img.7api-01.dp1.sej.co.jp/item-image/111730/ACD8EE6164C409951EBF8A3992F98374.jpg
７プレミアム　レーズンサンド,https://img.7api-01.dp1.sej.co.jp/item-image/113068/3DA0BC229A125F07816341E1FE7883F3.jpg
７プレミアム　レーズンサンド,https://img.7api-01.dp1.sej.co.jp/item-image/113067/E2A365FDF730AFDE93F267127DD0BFAB.jpg
７プレミアム　　　　　フレンチクルーラー,https://img.7api-01.dp1.sej.co.jp/item-image/113046/52B23119464CE4ADA6D2567C75D69499.jpg
７プレミアム　　　　　フレンチクルーラー,https://img.7api-01.dp1.sej.co.jp/item-image/113045/5FD9A83803FC00B2A04C3917902861AB.jpg
７プレミアム　マカロンあまおう苺＆ピスタチオ,https://img.7api-01.dp1.sej.co.jp/item-image/112964/DF7AF9E58A5F9E5D2D4AFC5650347F1C.jpg
白バラ牛乳使用　　　　クリームデニッシュ,https://img.7api-01.dp1.sej.co.jp/item-image/112818/8C2A4BFA5C1DE86D29714828A92B3753.jpg
７プレミアム　ワッフル４個入,https://img.7api-01.dp1.sej.co.jp/item-image/111731/5E088ADB515E90627AEBBF0DF1981EE1.jpg
発酵バターとバニラ香る黄金色スイートポテト,https://img.7api-01.dp1.sej.co.jp/item-image/110654/1D5EEF56DB0C742B0BE785956E2150D0.jpg
７プレミアム　カスタード仕立てのミルクレープ,https://img.7api-01.dp1.sej.co.jp/item-image/110542/F1AC6CC56DBDA42EDE14CC2825E00B90.jpg
７プレミアム　ふんわり手巻きのロールケーキ,https://img.7api-01.dp1.sej.co.jp/item-image/113358/F2986EBEAD708E62226428EE42FFEF65.jpg
７プレミアム　シェアして食べるバウムクーヘン,https://img.7api-01.dp1.sej.co.jp/item-image/110703/25BF500E5222916DFA37CFB3D37DFED1.jpg
７プレミアム　しっとりバウムクーヘン,https://img.7api-01.dp1.sej.co.jp/item-image/113452/9EE6C5797A806E9F1F5C54ED63600694.jpg
７プレミアム　プチシュー　１２個入,https://img.7api-01.dp1.sej.co.jp/item-image/110265/AB059513833ABEF970C2ADDAB60EDFF2.jpg
７プレミアム　プチエクレア　６個入,https://img.7api-01.dp1.sej.co.jp/item-image/110521/AF5D691270195F7EE67527ECFC1EBB77.jpg
７プレミアム　直火焼プリン７０ｇ×４,https://img.7api-01.dp1.sej.co.jp/item-image/110851/6DC9B593F51285A4138E2B36E29E9066.jpg
７プレミアム　しっとりチーズケーキ,https://img.7api-01.dp1.sej.co.jp/item-image/111470/7926D5803554826663F35270AB63BFC6.jpg
７プレミアム　くだもの充実　ミックス　２１０ｇ,https://img.7api-01.dp1.sej.co.jp/item-image/110082/A7E68264487A0BBB954F0EAA2381BD84.jpg
７プレミアム　くだもの充実　みかん　２１０ｇ,https://img.7api-01.dp1.sej.co.jp/item-image/111100/21A8FB72D2F8EBD3E96A86F0183E3103.jpg
７プレミアム　ゼロゼリー　トリプル　グレープフルーツ,https://img.7api-01.dp1.sej.co.jp/item-image/112689/7BFDCFEDC82A0E42A37657EE00FBDE83.jpg
